{"msimples": 55.699999999999996, "mgeo": 62.5, "mhu": 55.7, "lbp": 71.0, "canny": 56.099999999999994, "hist_r": 61.7, "hist_g": 62.8, "hist_b": 66.8}